time,Year,Month,tas
1985-01-31,1985,1,18.08712554879542
1985-02-28,1985,2,18.25656627996553
1985-03-31,1985,3,18.45501835556281
1985-04-30,1985,4,18.32514175430887
1985-05-31,1985,5,18.509585509523752
1985-06-30,1985,6,18.29717626586215
1985-07-31,1985,7,18.15529641413011
1985-08-31,1985,8,18.475092821895707
1985-09-30,1985,9,18.91701489702232
1985-10-31,1985,10,18.07541799160186
1985-11-30,1985,11,18.114295116320168
1985-12-31,1985,12,18.141594529470776
1986-01-31,1986,1,18.759270241822666
1986-02-28,1986,2,19.13983253847897
1986-03-31,1986,3,19.4179911257156
1986-04-30,1986,4,18.92511802513631
1986-05-31,1986,5,19.167566453880227
1986-06-30,1986,6,18.60586070099765
1986-07-31,1986,7,18.602422461550407
1986-08-31,1986,8,18.884958817035766
1986-09-30,1986,9,18.653549315739653
1986-10-31,1986,10,18.40719466531817
1986-11-30,1986,11,18.092919660913303
1986-12-31,1986,12,18.559783702643138
1987-01-31,1987,1,19.224903401332224
1987-02-28,1987,2,18.51902616507935
1987-03-31,1987,3,19.006483601866357
1987-04-30,1987,4,19.55246694533411
1987-05-31,1987,5,18.660716498953853
1987-06-30,1987,6,18.58315332717585
1987-07-31,1987,7,18.439749141204498
1987-08-31,1987,8,18.92977918076742
1987-09-30,1987,9,18.114606742306837
1987-10-31,1987,10,18.27386719871185
1987-11-30,1987,11,18.187927954403587
1987-12-31,1987,12,18.052751748242695
1988-01-31,1988,1,18.41578291831759
1988-02-29,1988,2,18.854222990197457
1988-03-31,1988,3,18.827597083214236
1988-04-30,1988,4,18.454910501335355
1988-05-31,1988,5,18.79765657958856
1988-06-30,1988,6,17.248295404673474
1988-07-31,1988,7,17.06677938288715
1988-08-31,1988,8,17.78260533506258
1988-09-30,1988,9,18.06738418569213
1988-10-31,1988,10,17.746054992888343
1988-11-30,1988,11,17.566357828300998
1988-12-31,1988,12,17.72831814991852
1989-01-31,1989,1,18.337268748181693
1989-02-28,1989,2,18.31951848222139
1989-03-31,1989,3,18.263859031838862
1989-04-30,1989,4,18.435275773103072
1989-05-31,1989,5,18.45781742673702
1989-06-30,1989,6,18.441724507421313
1989-07-31,1989,7,17.734747822689403
1989-08-31,1989,8,17.845222644547043
1989-09-30,1989,9,18.15272444741976
1989-10-31,1989,10,17.783259978078338
1989-11-30,1989,11,17.59797462350983
1989-12-31,1989,12,17.73387900687469
1990-01-31,1990,1,17.56056230467198
1990-02-28,1990,2,18.515123447978205
1990-03-31,1990,3,19.298085827447224
1990-04-30,1990,4,18.50463970815665
1990-05-31,1990,5,18.270228305405233
1990-06-30,1990,6,18.171812803876904
1990-07-31,1990,7,17.442328558085176
1990-08-31,1990,8,18.125619234250298
1990-09-30,1990,9,18.009775987559678
1990-10-31,1990,10,17.566267622714935
1990-11-30,1990,11,18.03219628234704
1990-12-31,1990,12,17.87907420927682
1991-01-31,1991,1,18.348788932429112
1991-02-28,1991,2,18.352784216624034
1991-03-31,1991,3,18.48302325521972
1991-04-30,1991,4,17.86563931096076
1991-05-31,1991,5,18.173750346092323
1991-06-30,1991,6,17.310869560439603
1991-07-31,1991,7,17.60199042339245
1991-08-31,1991,8,17.894520727714117
1991-09-30,1991,9,18.04252261111799
1991-10-31,1991,10,17.782281229113316
1991-11-30,1991,11,17.46954726861625
1991-12-31,1991,12,17.740142448520462
1992-01-31,1992,1,17.490097123029305
1992-02-29,1992,2,17.849307278915152
1992-03-31,1992,3,18.20275796792523
1992-04-30,1992,4,18.016072796062833
1992-05-31,1992,5,17.48511495350621
1992-06-30,1992,6,17.49909940663622
1992-07-31,1992,7,18.034036169915318
1992-08-31,1992,8,17.621479757182012
1992-09-30,1992,9,17.901476066957233
1992-10-31,1992,10,17.710330280795073
1992-11-30,1992,11,17.501801854118025
1992-12-31,1992,12,18.062900865036504
1993-01-31,1993,1,17.96905314570202
1993-02-28,1993,2,18.157736087968946
1993-03-31,1993,3,18.502078106025273
1993-04-30,1993,4,18.37142292240115
1993-05-31,1993,5,18.16574955724003
1993-06-30,1993,6,17.81286983711461
1993-07-31,1993,7,18.246835920653716
1993-08-31,1993,8,18.24980587845214
1993-09-30,1993,9,18.99639093841222
1993-10-31,1993,10,17.782240922250942
1993-11-30,1993,11,17.921899442256663
1993-12-31,1993,12,18.57736669701053
1994-01-31,1994,1,18.565736217592455
1994-02-28,1994,2,18.81730470561058
1994-03-31,1994,3,18.380305446884186
1994-04-30,1994,4,19.66408647842723
1994-05-31,1994,5,19.10364936581295
1994-06-30,1994,6,18.48713032507911
1994-07-31,1994,7,18.59228358811055
1994-08-31,1994,8,19.021375926363717
1994-09-30,1994,9,18.482270186010457
1994-10-31,1994,10,18.36883454048363
1994-11-30,1994,11,18.03691281277769
1994-12-31,1994,12,18.645549603433487
1995-01-31,1995,1,18.477984971999085
1995-02-28,1995,2,19.1435240866172
1995-03-31,1995,3,19.515824587316704
1995-04-30,1995,4,18.982247927001687
1995-05-31,1995,5,18.653646658963538
1995-06-30,1995,6,18.556248345849802
1995-07-31,1995,7,17.811481479139875
1995-08-31,1995,8,18.435301303599143
1995-09-30,1995,9,18.532872187611925
1995-10-31,1995,10,17.939654254212222
1995-11-30,1995,11,17.714349052073544
1995-12-31,1995,12,17.945550734877386
1996-01-31,1996,1,18.507392003414253
1996-02-29,1996,2,18.424284850626155
1996-03-31,1996,3,19.55867506727627
1996-04-30,1996,4,19.164255646723664
1996-05-31,1996,5,18.272149577743296
1996-06-30,1996,6,17.62951540015403
1996-07-31,1996,7,17.681908755709827
1996-08-31,1996,8,17.82128716491602
1996-09-30,1996,9,17.65244658401003
1996-10-31,1996,10,17.855167355041285
1996-11-30,1996,11,16.904103436862506
1996-12-31,1996,12,17.568161706735786
1997-01-31,1997,1,17.315713600101706
1997-02-28,1997,2,17.884961593717673
1997-03-31,1997,3,18.211285959526695
1997-04-30,1997,4,18.23371684958533
1997-05-31,1997,5,17.936573849644493
1997-06-30,1997,6,17.495282350802597
1997-07-31,1997,7,16.512563544271565
1997-08-31,1997,8,17.92587567828646
1997-09-30,1997,9,17.790578173816584
1997-10-31,1997,10,17.406099931706567
1997-11-30,1997,11,17.57837004273591
1997-12-31,1997,12,17.669482526402135
1998-01-31,1998,1,17.54694972682535
1998-02-28,1998,2,18.592455048730205
1998-03-31,1998,3,18.719120280458736
1998-04-30,1998,4,18.27613364816488
1998-05-31,1998,5,18.4503950928139
1998-06-30,1998,6,17.99985745010662
1998-07-31,1998,7,17.609987953849515
1998-08-31,1998,8,18.327094453138354
1998-09-30,1998,9,18.442708512734985
1998-10-31,1998,10,18.145079704850655
1998-11-30,1998,11,17.418850733842373
1998-12-31,1998,12,18.314637247114923
1999-01-31,1999,1,18.412208009152113
1999-02-28,1999,2,18.72773105233609
1999-03-31,1999,3,18.822897022628887
1999-04-30,1999,4,18.477277132666554
1999-05-31,1999,5,18.819069270660478
1999-06-30,1999,6,18.351391835911127
1999-07-31,1999,7,17.76929748131486
1999-08-31,1999,8,18.425123921842367
1999-09-30,1999,9,18.648003007273626
1999-10-31,1999,10,18.11030495474526
1999-11-30,1999,11,18.148623255188216
1999-12-31,1999,12,18.34605320257459
2000-01-31,2000,1,18.232973778023247
2000-02-29,2000,2,18.3456025585123
2000-03-31,2000,3,18.929540307432866
2000-04-30,2000,4,18.949848088191576
2000-05-31,2000,5,18.032662796160928
2000-06-30,2000,6,18.4946026769636
2000-07-31,2000,7,17.45443618535777
2000-08-31,2000,8,18.891622302784846
2000-09-30,2000,9,18.666651763762555
2000-10-31,2000,10,18.198335216848
2000-11-30,2000,11,17.950138864237896
2000-12-31,2000,12,18.321961234058207
2001-01-31,2001,1,18.76045515515042
2001-02-28,2001,2,19.528610447335836
2001-03-31,2001,3,18.910261308003975
2001-04-30,2001,4,19.594354041182836
2001-05-31,2001,5,19.121604465700425
2001-06-30,2001,6,18.85467392659979
2001-07-31,2001,7,18.844582881293714
2001-08-31,2001,8,18.770436705336724
2001-09-30,2001,9,19.337155927319568
2001-10-31,2001,10,18.325877642649196
2001-11-30,2001,11,18.148286169757544
2001-12-31,2001,12,18.2806451542722
2002-01-31,2002,1,19.032417574174097
2002-02-28,2002,2,18.983842953948557
2002-03-31,2002,3,18.95612549451701
2002-04-30,2002,4,19.426890904926903
2002-05-31,2002,5,19.386021525667616
2002-06-30,2002,6,18.700483417732165
2002-07-31,2002,7,18.689963539226945
2002-08-31,2002,8,18.402352850156266
2002-09-30,2002,9,18.743927820250487
2002-10-31,2002,10,17.99000651605045
2002-11-30,2002,11,18.32610126243451
2002-12-31,2002,12,18.296992423569318
2003-01-31,2003,1,18.270154616742385
2003-02-28,2003,2,19.15698747420858
2003-03-31,2003,3,18.559518411341617
2003-04-30,2003,4,18.59412065985286
2003-05-31,2003,5,18.583889886404762
2003-06-30,2003,6,18.42112128583756
2003-07-31,2003,7,17.726842233171766
2003-08-31,2003,8,18.222269039993623
2003-09-30,2003,9,18.24752219712265
2003-10-31,2003,10,18.10102277541433
2003-11-30,2003,11,17.938967225971087
2003-12-31,2003,12,17.960871817135686
2004-01-31,2004,1,18.182256022822262
2004-02-29,2004,2,17.883182230149636
2004-03-31,2004,3,19.154408759526238
2004-04-30,2004,4,18.490440288417624
2004-05-31,2004,5,18.191559016354375
2004-06-30,2004,6,18.17567433132392
2004-07-31,2004,7,18.10333754265101
2004-08-31,2004,8,17.92946559390158
2004-09-30,2004,9,18.16019654180006
2004-10-31,2004,10,18.153242382435657
2004-11-30,2004,11,17.306150536134542
2004-12-31,2004,12,17.332810656867416
2005-01-31,2005,1,17.878379118448425
2005-02-28,2005,2,18.255151744714826
2005-03-31,2005,3,18.27018298435163
2005-04-30,2005,4,18.349592904869095
2005-05-31,2005,5,18.409209433560438
2005-06-30,2005,6,17.918784295290987
2005-07-31,2005,7,17.631683841380482
2005-08-31,2005,8,18.369404965214127
2005-09-30,2005,9,18.2340623951422
2005-10-31,2005,10,17.870679196551382
2005-11-30,2005,11,17.77994839293209
2005-12-31,2005,12,18.012499888853874
2006-01-31,2006,1,18.593368580638828
2006-02-28,2006,2,18.818089177736848
2006-03-31,2006,3,19.0925033679292
2006-04-30,2006,4,19.030758102267047
2006-05-31,2006,5,18.974830840920532
2006-06-30,2006,6,18.202861298399043
2006-07-31,2006,7,18.78997656210996
2006-08-31,2006,8,18.180601618683195
2006-09-30,2006,9,18.522067837938163
2006-10-31,2006,10,18.182225432569123
2006-11-30,2006,11,17.7916874317877
2006-12-31,2006,12,18.01027556693364
2007-01-31,2007,1,18.351216730524516
2007-02-28,2007,2,18.583503718923815
2007-03-31,2007,3,18.129178596449492
2007-04-30,2007,4,18.62064517136449
2007-05-31,2007,5,18.38164509551044
2007-06-30,2007,6,17.90708251376155
2007-07-31,2007,7,18.28833534131729
2007-08-31,2007,8,18.115564327823037
2007-09-30,2007,9,18.280823563183795
2007-10-31,2007,10,18.02461710671291
2007-11-30,2007,11,18.11535071183801
2007-12-31,2007,12,17.665238202262362
2008-01-31,2008,1,18.27457398352029
2008-02-29,2008,2,18.564280861005745
2008-03-31,2008,3,19.102707680720542
2008-04-30,2008,4,18.86799995022397
2008-05-31,2008,5,18.388238570546566
2008-06-30,2008,6,18.403789145089252
2008-07-31,2008,7,18.062853228170628
2008-08-31,2008,8,18.36158482508344
2008-09-30,2008,9,18.437506051675374
2008-10-31,2008,10,18.290176653023654
2008-11-30,2008,11,17.906995291422223
2008-12-31,2008,12,18.373872058060332
2009-01-31,2009,1,19.044997448214833
2009-02-28,2009,2,18.846911212896696
2009-03-31,2009,3,19.196961852481767
2009-04-30,2009,4,19.09898952585514
2009-05-31,2009,5,19.132430110604076
2009-06-30,2009,6,18.86617704910071
2009-07-31,2009,7,19.001563061877047
2009-08-31,2009,8,19.320991306840646
2009-09-30,2009,9,18.64614122314654
2009-10-31,2009,10,18.74186491533051
2009-11-30,2009,11,18.11929867580959
2009-12-31,2009,12,18.413752394241484
2010-01-31,2010,1,18.50643377013318
2010-02-28,2010,2,19.164626972636473
2010-03-31,2010,3,18.974107437417008
2010-04-30,2010,4,18.58623214208532
2010-05-31,2010,5,18.87398734489208
2010-06-30,2010,6,18.644397857769068
2010-07-31,2010,7,17.49256162256359
2010-08-31,2010,8,18.402446618259326
2010-09-30,2010,9,18.11502470241256
2010-10-31,2010,10,18.360435792210293
2010-11-30,2010,11,17.803562947483176
2010-12-31,2010,12,18.465174153116813
2011-01-31,2011,1,18.794469319401227
2011-02-28,2011,2,19.841264487586248
2011-03-31,2011,3,18.89074338157734
2011-04-30,2011,4,18.88516898557838
2011-05-31,2011,5,18.62438554249373
2011-06-30,2011,6,18.762160795775102
2011-07-31,2011,7,18.25364810322369
2011-08-31,2011,8,19.00384165389763
2011-09-30,2011,9,19.194750928060063
2011-10-31,2011,10,17.7946672463321
2011-11-30,2011,11,18.398224789630365
2011-12-31,2011,12,18.63827841787463
2012-01-31,2012,1,18.43920751520452
2012-02-29,2012,2,19.038171336967558
2012-03-31,2012,3,19.5083110834552
2012-04-30,2012,4,19.999078012118797
2012-05-31,2012,5,19.291084992988775
2012-06-30,2012,6,19.262382190099025
2012-07-31,2012,7,19.126634255427646
2012-08-31,2012,8,19.807357491999564
2012-09-30,2012,9,19.47552124964681
2012-10-31,2012,10,18.501113208521254
2012-11-30,2012,11,18.47359841669927
2012-12-31,2012,12,19.04586853902162
2013-01-31,2013,1,19.219254456483185
2013-02-28,2013,2,19.46911400402572
2013-03-31,2013,3,19.371925564612173
2013-04-30,2013,4,19.545228184642546
2013-05-31,2013,5,19.212644926247034
2013-06-30,2013,6,19.064719421084966
2013-07-31,2013,7,19.183408287848934
2013-08-31,2013,8,19.177419116577386
2013-09-30,2013,9,19.491583334958552
2013-10-31,2013,10,18.941174156494245
2013-11-30,2013,11,18.264428178538974
2013-12-31,2013,12,18.440068368792968
2014-01-31,2014,1,19.20424587621138
2014-02-28,2014,2,19.44753862075664
2014-03-31,2014,3,19.613022959785678
2014-04-30,2014,4,19.21051660722309
2014-05-31,2014,5,19.483584798929673
2014-06-30,2014,6,19.28722251055111
2014-07-31,2014,7,18.847810353985743
2014-08-31,2014,8,18.456238921519088
2014-09-30,2014,9,18.688028764973446
2014-10-31,2014,10,17.891621142390427
2014-11-30,2014,11,17.54754402247562
2014-12-31,2014,12,17.946953987802683
2015-01-31,2015,1,18.45692602134706
2015-02-28,2015,2,18.025714277651716
2015-03-31,2015,3,18.878626834283192
2015-04-30,2015,4,18.25383111212052
2015-05-31,2015,5,18.237709782353374
2015-06-30,2015,6,18.037454284913693
2015-07-31,2015,7,17.832608223109094
2015-08-31,2015,8,17.959291372219223
2015-09-30,2015,9,18.15009232149206
2015-10-31,2015,10,18.002963654323114
2015-11-30,2015,11,17.543722683971584
2015-12-31,2015,12,18.317067656877416
2016-01-31,2016,1,18.36797206495688
2016-02-29,2016,2,18.302750720410945
2016-03-31,2016,3,18.806319289755297
2016-04-30,2016,4,18.955103676682196
2016-05-31,2016,5,18.43657234616641
2016-06-30,2016,6,17.841861304854344
2016-07-31,2016,7,18.24159385899943
2016-08-31,2016,8,18.239290968651403
2016-09-30,2016,9,18.43898960923512
2016-10-31,2016,10,17.80215831169678
2016-11-30,2016,11,18.203722985213705
2016-12-31,2016,12,18.364011480826296
2017-01-31,2017,1,18.624259071727828
2017-02-28,2017,2,18.464722304176316
2017-03-31,2017,3,18.683516620657148
2017-04-30,2017,4,18.866506156949733
2017-05-31,2017,5,18.52124554199091
2017-06-30,2017,6,18.102302087036087
2017-07-31,2017,7,18.26199887608061
2017-08-31,2017,8,18.230859259927986
2017-09-30,2017,9,18.352956413491757
2017-10-31,2017,10,18.326308395155053
2017-11-30,2017,11,17.971459988077626
2017-12-31,2017,12,17.97175792201678
2018-01-31,2018,1,18.43203170746725
2018-02-28,2018,2,18.604434653076645
2018-03-31,2018,3,18.58316309586892
2018-04-30,2018,4,19.180981038732178
2018-05-31,2018,5,18.905366339821633
2018-06-30,2018,6,18.524018083950256
2018-07-31,2018,7,18.321749871284506
2018-08-31,2018,8,18.940915746980014
2018-09-30,2018,9,18.824410409893368
2018-10-31,2018,10,18.34140139599094
2018-11-30,2018,11,18.512268880556537
2018-12-31,2018,12,18.33504351691321
2019-01-31,2019,1,19.22673157657081
2019-02-28,2019,2,19.38356225612572
2019-03-31,2019,3,19.253502175730993
2019-04-30,2019,4,19.495779597593287
2019-05-31,2019,5,18.965790257094934
2019-06-30,2019,6,19.081436007373576
2019-07-31,2019,7,18.91046034235851
2019-08-31,2019,8,19.74041688774036
2019-09-30,2019,9,19.350121900500106
2019-10-31,2019,10,18.80733401844762
2019-11-30,2019,11,18.330240372353675
2019-12-31,2019,12,18.637872341184124
2020-01-31,2020,1,19.31640993757513
2020-02-29,2020,2,18.997146362011023
2020-03-31,2020,3,18.923558762685044
2020-04-30,2020,4,19.715144398361712
2020-05-31,2020,5,19.39645669830576
2020-06-30,2020,6,18.444441804473126
2020-07-31,2020,7,18.494754837667525
2020-08-31,2020,8,18.581341555399273
2020-09-30,2020,9,18.750626075933845
2020-10-31,2020,10,18.45365205143145
2020-11-30,2020,11,18.243088185904778
2020-12-31,2020,12,18.05695713453527
2021-01-31,2021,1,18.385179422267708
2021-02-28,2021,2,18.962596489128433
2021-03-31,2021,3,19.410814980528773
2021-04-30,2021,4,19.187318366107448
2021-05-31,2021,5,19.099836450448127
2021-06-30,2021,6,18.885949881650973
2021-07-31,2021,7,18.839189170131014
2021-08-31,2021,8,18.754017596278572
2021-09-30,2021,9,18.583986856060488
2021-10-31,2021,10,18.536766977577877
2021-11-30,2021,11,18.537420140097787
2021-12-31,2021,12,18.433427779726973
2022-01-31,2022,1,18.72550166405408
2022-02-28,2022,2,19.319694029469215
2022-03-31,2022,3,20.08292116960192
2022-04-30,2022,4,19.425766075652323
2022-05-31,2022,5,19.250288942137786
2022-06-30,2022,6,19.206355674888023
2022-07-31,2022,7,18.869442445056343
2022-08-31,2022,8,19.02575187199673
2022-09-30,2022,9,19.20661373673583
2022-10-31,2022,10,18.196487852541196
2022-11-30,2022,11,18.65442174512602
2022-12-31,2022,12,18.57039751458099
2023-01-31,2023,1,18.512511411703926
2023-02-28,2023,2,18.65540555504338
2023-03-31,2023,3,19.867719000436285
2023-04-30,2023,4,19.279395997410216
2023-05-31,2023,5,19.05936987656718
2023-06-30,2023,6,18.342229188418774
2023-07-31,2023,7,18.329873861585376
2023-08-31,2023,8,18.753355772668268
2023-09-30,2023,9,18.62212095076393
2023-10-31,2023,10,18.571075887378942
2023-11-30,2023,11,18.418344535672013
2023-12-31,2023,12,18.36055368103495
2024-01-31,2024,1,18.740243906013053
2024-02-29,2024,2,18.64322871017817
2024-03-31,2024,3,20.377405451525743
2024-04-30,2024,4,19.40673526843666
2024-05-31,2024,5,19.382814067770568
2024-06-30,2024,6,19.054561268805127
2024-07-31,2024,7,18.071547182156074
2024-08-31,2024,8,18.410295612115863
2024-09-30,2024,9,18.89742909241177
2024-10-31,2024,10,18.51180729352516
2024-11-30,2024,11,18.071485020787744
2024-12-31,2024,12,18.59260314278153
2025-01-31,2025,1,19.062161048522146
2025-02-28,2025,2,18.633748717547128
2025-03-31,2025,3,19.551156312990457
2025-04-30,2025,4,19.189050652034634
2025-05-31,2025,5,18.456857795060518
2025-06-30,2025,6,18.688192906198402
2025-07-31,2025,7,18.234659335352593
2025-08-31,2025,8,19.08558452873795
2025-09-30,2025,9,18.13763437711939
2025-10-31,2025,10,18.36043264526035
2025-11-30,2025,11,18.62702757388902
2025-12-31,2025,12,18.31026334217135
2026-01-31,2026,1,18.710882880056126
2026-02-28,2026,2,19.084572286251095
2026-03-31,2026,3,19.46508483597825
2026-04-30,2026,4,19.000352757924514
2026-05-31,2026,5,19.421936616856247
2026-06-30,2026,6,19.136798081879746
2026-07-31,2026,7,19.021856192191127
2026-08-31,2026,8,18.76866411805601
2026-09-30,2026,9,18.936628211855485
2026-10-31,2026,10,18.3722732180461
2026-11-30,2026,11,18.341993819779994
2026-12-31,2026,12,18.984897824720086
2027-01-31,2027,1,19.09455305758351
2027-02-28,2027,2,19.37658991677112
2027-03-31,2027,3,19.133235056570804
2027-04-30,2027,4,19.020342979773332
2027-05-31,2027,5,18.895697408527923
2027-06-30,2027,6,18.983701671658363
2027-07-31,2027,7,18.377148151622784
2027-08-31,2027,8,18.6233166851793
2027-09-30,2027,9,19.213223561589174
2027-10-31,2027,10,18.631880605572242
2027-11-30,2027,11,17.933551750164575
2027-12-31,2027,12,18.632061437426763
2028-01-31,2028,1,18.559768135881495
2028-02-29,2028,2,19.28638508201986
2028-03-31,2028,3,19.00920626291857
2028-04-30,2028,4,19.241558106931752
2028-05-31,2028,5,19.11882504847931
2028-06-30,2028,6,18.545851806861226
2028-07-31,2028,7,17.922213798460522
2028-08-31,2028,8,19.157179885676687
2028-09-30,2028,9,19.171681405573228
2028-10-31,2028,10,18.270208345522384
2028-11-30,2028,11,18.16277572044186
2028-12-31,2028,12,18.58263395440198
2029-01-31,2029,1,18.432443491060056
2029-02-28,2029,2,19.541615879104572
2029-03-31,2029,3,19.72879646999082
2029-04-30,2029,4,18.9476818325222
2029-05-31,2029,5,19.236154211353316
2029-06-30,2029,6,19.38959903703608
2029-07-31,2029,7,19.196445902100955
2029-08-31,2029,8,19.593355916091813
2029-09-30,2029,9,19.802672084041614
2029-10-31,2029,10,19.108190776778383
2029-11-30,2029,11,19.368038592990153
2029-12-31,2029,12,19.152078402839326
2030-01-31,2030,1,20.11033242395371
2030-02-28,2030,2,19.45705181384759
2030-03-31,2030,3,19.870578868338463
2030-04-30,2030,4,19.771928626426778
2030-05-31,2030,5,19.876633731934046
2030-06-30,2030,6,19.68840190410743
2030-07-31,2030,7,19.76811738310302
2030-08-31,2030,8,20.344469125427953
2030-09-30,2030,9,19.998997061927092
2030-10-31,2030,10,18.812911908940908
2030-11-30,2030,11,19.418825568961964
2030-12-31,2030,12,19.42324884700565
2031-01-31,2031,1,19.528755798865262
2031-02-28,2031,2,20.201373116699624
2031-03-31,2031,3,21.24144744865021
2031-04-30,2031,4,20.848321193494748
2031-05-31,2031,5,20.138597835561942
2031-06-30,2031,6,20.082974138113226
2031-07-31,2031,7,19.877594961265444
2031-08-31,2031,8,20.290286892622895
2031-09-30,2031,9,19.784208925934855
2031-10-31,2031,10,19.023643331971282
2031-11-30,2031,11,18.656574365216215
2031-12-31,2031,12,19.044837756799165
2032-01-31,2032,1,19.296387348566814
2032-02-29,2032,2,20.26107925695572
2032-03-31,2032,3,19.757254839458444
2032-04-30,2032,4,19.242839147580582
2032-05-31,2032,5,19.152175722420548
2032-06-30,2032,6,18.72739313980858
2032-07-31,2032,7,18.39578489196405
2032-08-31,2032,8,18.841556541746698
2032-09-30,2032,9,18.568168801825625
2032-10-31,2032,10,18.392450012935043
2032-11-30,2032,11,17.895014663345055
2032-12-31,2032,12,18.289646729727885
2033-01-31,2033,1,18.743612344108524
2033-02-28,2033,2,19.546224413904298
2033-03-31,2033,3,18.77108120988347
2033-04-30,2033,4,19.12196280241146
2033-05-31,2033,5,18.867997202138252
2033-06-30,2033,6,18.712783368199588
2033-07-31,2033,7,18.858973224479584
2033-08-31,2033,8,19.02932215163505
2033-09-30,2033,9,19.38357213128193
2033-10-31,2033,10,18.58775692798805
2033-11-30,2033,11,18.542336093504094
2033-12-31,2033,12,19.025428108334992
2034-01-31,2034,1,19.380685850587664
2034-02-28,2034,2,19.41113750683112
2034-03-31,2034,3,19.47463040617299
2034-04-30,2034,4,20.0650231792598
2034-05-31,2034,5,19.564743616478616
2034-06-30,2034,6,19.486500499479455
2034-07-31,2034,7,18.98436954626905
2034-08-31,2034,8,19.40732635292988
2034-09-30,2034,9,19.755963785263404
2034-10-31,2034,10,18.606587177360343
2034-11-30,2034,11,18.50449011855147
2034-12-31,2034,12,19.044107186343627
2035-01-31,2035,1,19.724154753856098
2035-02-28,2035,2,19.43653012431583
2035-03-31,2035,3,19.586414741643043
2035-04-30,2035,4,19.720255540775682
2035-05-31,2035,5,19.50178887707298
2035-06-30,2035,6,19.677623272694674
2035-07-31,2035,7,19.464309383489873
2035-08-31,2035,8,19.766542436672975
2035-09-30,2035,9,19.73239667892234
2035-10-31,2035,10,18.691788187734197
2035-11-30,2035,11,18.475394347334205
2035-12-31,2035,12,18.89915086648569
2036-01-31,2036,1,20.04539093390517
2036-02-29,2036,2,19.40657045731291
2036-03-31,2036,3,20.483723336659185
2036-04-30,2036,4,19.835101224971307
2036-05-31,2036,5,19.451992012598346
2036-06-30,2036,6,19.244646409131736
2036-07-31,2036,7,19.058436540846778
2036-08-31,2036,8,18.884553534081242
2036-09-30,2036,9,18.868475432392902
2036-10-31,2036,10,19.027544427947916
2036-11-30,2036,11,18.872492235280877
2036-12-31,2036,12,18.298969702905495
2037-01-31,2037,1,18.758612144345044
2037-02-28,2037,2,19.380954780994973
2037-03-31,2037,3,18.947329084850566
2037-04-30,2037,4,18.909107449025083
2037-05-31,2037,5,18.79538189618314
2037-06-30,2037,6,18.56904187505394
2037-07-31,2037,7,18.536989354805346
2037-08-31,2037,8,19.38875688614993
2037-09-30,2037,9,19.361215975569106
2037-10-31,2037,10,18.95241283355565
2037-11-30,2037,11,18.652825059853576
2037-12-31,2037,12,18.909031187279382
2038-01-31,2038,1,19.626885529265294
2038-02-28,2038,2,19.215795788077937
2038-03-31,2038,3,20.304225809127843
2038-04-30,2038,4,19.417105982931194
2038-05-31,2038,5,19.53513683645084
2038-06-30,2038,6,19.61976754858841
2038-07-31,2038,7,19.37859238485829
2038-08-31,2038,8,19.482225363242545
2038-09-30,2038,9,19.69675543910767
2038-10-31,2038,10,19.127714320604458
2038-11-30,2038,11,19.17894099067522
2038-12-31,2038,12,19.423624762070983
2039-01-31,2039,1,20.673783174129362
2039-02-28,2039,2,20.342840136154386
2039-03-31,2039,3,19.629120990029744
2039-04-30,2039,4,19.45741287887962
2039-05-31,2039,5,19.69013205450477
2039-06-30,2039,6,19.128998177445556
2039-07-31,2039,7,19.297899539530892
2039-08-31,2039,8,19.170292014872004
2039-09-30,2039,9,19.06678725436462
2039-10-31,2039,10,18.915391513721765
2039-11-30,2039,11,18.727202957950166
2039-12-31,2039,12,18.23841699185259
2040-01-31,2040,1,19.28648486076732
2040-02-29,2040,2,19.276138525793222
2040-03-31,2040,3,19.48782825017428
2040-04-30,2040,4,19.25764717217795
2040-05-31,2040,5,19.193121767535036
2040-06-30,2040,6,18.21087572650823
2040-07-31,2040,7,18.461077127286305
2040-08-31,2040,8,18.77709021459406
2040-09-30,2040,9,19.21847279604272
2040-10-31,2040,10,18.828160616555785
2040-11-30,2040,11,18.294677890003854
2040-12-31,2040,12,18.42582967487668
2041-01-31,2041,1,18.513110511831194
2041-02-28,2041,2,18.97572827057694
2041-03-31,2041,3,19.31728515677435
2041-04-30,2041,4,19.3494237152715
2041-05-31,2041,5,19.08555943991651
2041-06-30,2041,6,19.437478805502767
2041-07-31,2041,7,18.96663446349447
2041-08-31,2041,8,18.970589225115585
2041-09-30,2041,9,19.631559219073644
2041-10-31,2041,10,18.58882111339088
2041-11-30,2041,11,19.15812012512681
2041-12-31,2041,12,18.69182598816023
2042-01-31,2042,1,19.272283563992715
2042-02-28,2042,2,19.618261304557755
2042-03-31,2042,3,19.58411111393569
2042-04-30,2042,4,19.485109092978696
2042-05-31,2042,5,19.600302480163926
2042-06-30,2042,6,19.652253264407623
2042-07-31,2042,7,19.847256216140583
2042-08-31,2042,8,19.491345634200503
2042-09-30,2042,9,20.322522108081422
2042-10-31,2042,10,19.31970484964809
2042-11-30,2042,11,18.96474717786592
2042-12-31,2042,12,19.755301456507244
2043-01-31,2043,1,20.07323623977769
2043-02-28,2043,2,19.946526933517223
2043-03-31,2043,3,20.449780885330732
2043-04-30,2043,4,19.89883652235218
2043-05-31,2043,5,20.209017647153413
2043-06-30,2043,6,19.955052574847226
2043-07-31,2043,7,19.880072235753694
2043-08-31,2043,8,20.073923478492993
2043-09-30,2043,9,19.989950728958533
2043-10-31,2043,10,19.174878065316246
2043-11-30,2043,11,19.38690002066735
2043-12-31,2043,12,19.76277714154816
2044-01-31,2044,1,20.098677780758496
2044-02-29,2044,2,20.453860884648446
2044-03-31,2044,3,20.237144972805673
2044-04-30,2044,4,19.365891371284775
2044-05-31,2044,5,19.579553166383057
2044-06-30,2044,6,19.75834080749712
2044-07-31,2044,7,18.871345694131346
2044-08-31,2044,8,19.801292467950063
2044-09-30,2044,9,18.984085160762902
2044-10-31,2044,10,18.847937697802728
2044-11-30,2044,11,18.733141938527243
2044-12-31,2044,12,18.580324428608954
2045-01-31,2045,1,19.221378504895636
2045-02-28,2045,2,19.49795674947748
2045-03-31,2045,3,19.99379194160734
2045-04-30,2045,4,19.975882274687226
2045-05-31,2045,5,18.88624655591769
2045-06-30,2045,6,19.572161184271504
2045-07-31,2045,7,19.422017868645685
2045-08-31,2045,8,19.07410753543796
2045-09-30,2045,9,19.437210879350257
2045-10-31,2045,10,19.35148020096379
2045-11-30,2045,11,19.045526520946044
2045-12-31,2045,12,19.254547280653174
2046-01-31,2046,1,19.46687599187621
2046-02-28,2046,2,19.764360963737428
2046-03-31,2046,3,19.88267980937647
2046-04-30,2046,4,19.16090476900915
2046-05-31,2046,5,19.3787752864366
2046-06-30,2046,6,19.494146691198058
2046-07-31,2046,7,18.61684000583343
2046-08-31,2046,8,18.884829380100662
2046-09-30,2046,9,18.705231512160967
2046-10-31,2046,10,19.049291445422252
2046-11-30,2046,11,18.249084904882462
2046-12-31,2046,12,18.732851333281413
2047-01-31,2047,1,18.60561352121029
2047-02-28,2047,2,19.03202196325355
2047-03-31,2047,3,19.403901678019075
2047-04-30,2047,4,19.27452461134725
2047-05-31,2047,5,19.19932101766307
2047-06-30,2047,6,19.150382247210544
2047-07-31,2047,7,19.268857712539674
2047-08-31,2047,8,20.012823611394523
2047-09-30,2047,9,19.541223748467498
2047-10-31,2047,10,19.137751832408846
2047-11-30,2047,11,18.55092273567147
2047-12-31,2047,12,19.710393892896477
2048-01-31,2048,1,20.341857905544085
2048-02-29,2048,2,20.058037954915193
2048-03-31,2048,3,19.83462640818617
2048-04-30,2048,4,19.518051680508545
2048-05-31,2048,5,19.698829519765003
2048-06-30,2048,6,19.66409606713484
2048-07-31,2048,7,19.61443429399926
2048-08-31,2048,8,20.223058629634895
2048-09-30,2048,9,20.28864625531865
2048-10-31,2048,10,19.692530959238656
2048-11-30,2048,11,19.753512576358
2048-12-31,2048,12,19.78024456402606
2049-01-31,2049,1,20.804327087962893
2049-02-28,2049,2,20.595048152999336
2049-03-31,2049,3,20.867138437955422
2049-04-30,2049,4,20.19179060731099
2049-05-31,2049,5,20.56922741619951
2049-06-30,2049,6,20.82774455634227
2049-07-31,2049,7,20.698088385726283
2049-08-31,2049,8,20.76140771742997
2049-09-30,2049,9,20.719602987879245
2049-10-31,2049,10,20.223318034640574
2049-11-30,2049,11,19.754976463314325
2049-12-31,2049,12,20.115983168988762
2050-01-31,2050,1,21.334307780542137
2050-02-28,2050,2,20.306042276456427
2050-03-31,2050,3,21.256529879915046
2050-04-30,2050,4,20.611801632590293
2050-05-31,2050,5,20.115773684070547
2050-06-30,2050,6,19.97076706160192
2050-07-31,2050,7,19.576919222539555
2050-08-31,2050,8,19.76334126093926
2050-09-30,2050,9,19.39391939346295
2050-10-31,2050,10,19.39590155773223
2050-11-30,2050,11,18.66351295669982
2050-12-31,2050,12,18.957095984295545
2051-01-31,2051,1,19.86619461871133
2051-02-28,2051,2,19.380639107712007
2051-03-31,2051,3,19.611689350433636
2051-04-30,2051,4,19.83622088167107
2051-05-31,2051,5,19.646854810706166
2051-06-30,2051,6,19.285611255359072
2051-07-31,2051,7,18.95468359704395
2051-08-31,2051,8,19.226702427870542
2051-09-30,2051,9,19.39197817954683
2051-10-31,2051,10,19.36890544641999
2051-11-30,2051,11,18.356989357292274
2051-12-31,2051,12,18.9881424627954
2052-01-31,2052,1,19.55928949830406
2052-02-29,2052,2,19.842824515722985
2052-03-31,2052,3,19.297902776946234
2052-04-30,2052,4,19.27976761459846
2052-05-31,2052,5,19.492849856518767
2052-06-30,2052,6,19.371724908605117
2052-07-31,2052,7,19.646946462645612
2052-08-31,2052,8,19.758011905621544
2052-09-30,2052,9,19.59211656220189
2052-10-31,2052,10,19.296507912900868
2052-11-30,2052,11,19.055758746484504
2052-12-31,2052,12,19.229107345165012
2053-01-31,2053,1,19.010036005475147
2053-02-28,2053,2,20.583155648602432
2053-03-31,2053,3,20.187271124867912
2053-04-30,2053,4,20.34420598713404
2053-05-31,2053,5,19.944028261774204
2053-06-30,2053,6,20.28773546529141
2053-07-31,2053,7,19.7229914650526
2053-08-31,2053,8,19.955975412956185
2053-09-30,2053,9,19.728151735129885
2053-10-31,2053,10,19.593302843497707
2053-11-30,2053,11,19.332368250559284
2053-12-31,2053,12,20.0089288450173
2054-01-31,2054,1,20.664205386758493
2054-02-28,2054,2,20.667761550967604
2054-03-31,2054,3,20.061559831293792
2054-04-30,2054,4,20.7678847115755
2054-05-31,2054,5,20.654511827909303
2054-06-30,2054,6,20.941095683826394
2054-07-31,2054,7,20.290195229266118
2054-08-31,2054,8,20.752541853177966
2054-09-30,2054,9,20.611821238762438
2054-10-31,2054,10,19.726101248153206
2054-11-30,2054,11,19.593630571018696
2054-12-31,2054,12,19.891362780883195
2055-01-31,2055,1,20.02139144242134
2055-02-28,2055,2,20.07700247453702
2055-03-31,2055,3,19.768058022160872
2055-04-30,2055,4,20.243678839088894
2055-05-31,2055,5,19.775632591413483
2055-06-30,2055,6,19.905305351462253
2055-07-31,2055,7,19.767078846408506
2055-08-31,2055,8,20.692353363032836
2055-09-30,2055,9,19.872151449185143
2055-10-31,2055,10,19.279746725292895
2055-11-30,2055,11,19.41448597971371
2055-12-31,2055,12,20.20597792707939
2056-01-31,2056,1,20.225535403654167
2056-02-29,2056,2,19.849097297247834
2056-03-31,2056,3,20.152073101574953
2056-04-30,2056,4,19.998704137033858
2056-05-31,2056,5,20.237010367298677
2056-06-30,2056,6,19.539441177676267
2056-07-31,2056,7,19.574578872278064
2056-08-31,2056,8,20.20938366236115
2056-09-30,2056,9,20.030655566103462
2056-10-31,2056,10,19.751053704423956
2056-11-30,2056,11,19.007991953502323
2056-12-31,2056,12,19.689290065703215
2057-01-31,2057,1,20.28667861410187
2057-02-28,2057,2,21.339646104359197
2057-03-31,2057,3,20.22775428612225
2057-04-30,2057,4,20.19329896201376
2057-05-31,2057,5,20.04334527893559
2057-06-30,2057,6,20.072749858262306
2057-07-31,2057,7,20.802638130209736
2057-08-31,2057,8,20.45814737329163
2057-09-30,2057,9,20.344733365103853
2057-10-31,2057,10,19.99491564607609
2057-11-30,2057,11,19.414940209832498
2057-12-31,2057,12,20.511847959944514
2058-01-31,2058,1,20.472880439111346
2058-02-28,2058,2,19.868070511246465
2058-03-31,2058,3,21.72741970316665
2058-04-30,2058,4,20.56201387083296
2058-05-31,2058,5,20.414461787268664
2058-06-30,2058,6,20.100608752817955
2058-07-31,2058,7,19.91435537820071
2058-08-31,2058,8,20.735712428158966
2058-09-30,2058,9,19.73136449705803
2058-10-31,2058,10,19.99515170602173
2058-11-30,2058,11,19.17600411198284
2058-12-31,2058,12,18.76625550705881
2059-01-31,2059,1,20.046932258929363
2059-02-28,2059,2,20.260892607174476
2059-03-31,2059,3,20.7003507842015
2059-04-30,2059,4,20.789136520634198
2059-05-31,2059,5,20.131102153901924
2059-06-30,2059,6,19.930938485408927
2059-07-31,2059,7,19.607538157553197
2059-08-31,2059,8,19.621172905462426
2059-09-30,2059,9,19.915611797169017
2059-10-31,2059,10,19.718840380668023
2059-11-30,2059,11,19.35576033990843
2059-12-31,2059,12,20.006465515897293
2060-01-31,2060,1,19.973122546318884
2060-02-29,2060,2,20.44395156756037
2060-03-31,2060,3,20.39910137602516
2060-04-30,2060,4,20.52463921708136
2060-05-31,2060,5,20.10922477426168
2060-06-30,2060,6,20.653827382266797
2060-07-31,2060,7,20.887984482684555
2060-08-31,2060,8,20.95156854251382
2060-09-30,2060,9,21.241128390629743
2060-10-31,2060,10,19.67229983362448
2060-11-30,2060,11,20.302644164161922
2060-12-31,2060,12,20.569808512124556
2061-01-31,2061,1,22.08986764751162
2061-02-28,2061,2,21.895236752676794
2061-03-31,2061,3,21.776157410373607
2061-04-30,2061,4,20.904054800983918
2061-05-31,2061,5,20.88009583179815
2061-06-30,2061,6,20.96511952425567
2061-07-31,2061,7,20.721378832416928
2061-08-31,2061,8,20.74106756990374
2061-09-30,2061,9,21.20738690669986
2061-10-31,2061,10,19.833961956869192
2061-11-30,2061,11,19.596264194634106
2061-12-31,2061,12,19.58966236631007
2062-01-31,2062,1,20.404117455428015
2062-02-28,2062,2,21.265456355470597
2062-03-31,2062,3,21.27096740851705
2062-04-30,2062,4,20.479537973466996
2062-05-31,2062,5,20.87500522819843
2062-06-30,2062,6,21.143461725970116
2062-07-31,2062,7,20.536136174041136
2062-08-31,2062,8,20.90514543667336
2062-09-30,2062,9,20.662312422920937
2062-10-31,2062,10,19.773814095035732
2062-11-30,2062,11,19.520076214094885
2062-12-31,2062,12,19.69202500421223
2063-01-31,2063,1,21.039181635592698
2063-02-28,2063,2,21.025737928011747
2063-03-31,2063,3,20.657232444256454
2063-04-30,2063,4,20.668604559177652
2063-05-31,2063,5,20.314695207596742
2063-06-30,2063,6,20.402372222795968
2063-07-31,2063,7,19.805489566617485
2063-08-31,2063,8,20.06920846604824
2063-09-30,2063,9,19.94837455372235
2063-10-31,2063,10,19.811217761494763
2063-11-30,2063,11,19.302609057934117
2063-12-31,2063,12,19.594555795398083
2064-01-31,2064,1,20.362534342022034
2064-02-29,2064,2,20.188904362622388
2064-03-31,2064,3,20.07613929749232
2064-04-30,2064,4,20.1462611766447
2064-05-31,2064,5,20.36832491674776
2064-06-30,2064,6,20.328778001677616
2064-07-31,2064,7,20.25558452162292
2064-08-31,2064,8,20.83780842257784
2064-09-30,2064,9,20.77027852939581
2064-10-31,2064,10,19.922670901444736
2064-11-30,2064,11,19.696039589509482
2064-12-31,2064,12,20.3667564258712
2065-01-31,2065,1,20.590782368800134
2065-02-28,2065,2,21.6910675948684
2065-03-31,2065,3,20.29263836603908
2065-04-30,2065,4,21.738256037304247
2065-05-31,2065,5,20.720714699616234
2065-06-30,2065,6,20.869106839315304
2065-07-31,2065,7,21.084136821961103
2065-08-31,2065,8,21.50284583118328
2065-09-30,2065,9,21.16746051884539
2065-10-31,2065,10,20.647351026657084
2065-11-30,2065,11,20.601332711006233
2065-12-31,2065,12,21.316157187312633
2066-01-31,2066,1,21.98753808948179
2066-02-28,2066,2,21.42982929463531
2066-03-31,2066,3,21.26533036843794
2066-04-30,2066,4,20.981394367861135
2066-05-31,2066,5,21.194911345222113
2066-06-30,2066,6,20.496349424775545
2066-07-31,2066,7,20.262547581637634
2066-08-31,2066,8,20.50624969865788
2066-09-30,2066,9,20.60867373919742
2066-10-31,2066,10,19.739491910252383
2066-11-30,2066,11,20.160302150987356
2066-12-31,2066,12,20.227372881206225
2067-01-31,2067,1,21.348192707218796
2067-02-28,2067,2,20.239257978675685
2067-03-31,2067,3,21.30468059817032
2067-04-30,2067,4,20.879540519254096
2067-05-31,2067,5,20.844273308824267
2067-06-30,2067,6,20.752493475398786
2067-07-31,2067,7,20.26441113602646
2067-08-31,2067,8,20.429649763094087
2067-09-30,2067,9,19.998172024479892
2067-10-31,2067,10,20.22805830279036
2067-11-30,2067,11,20.08472476378895
2067-12-31,2067,12,19.810268820023296
2068-01-31,2068,1,21.041553600396835
2068-02-29,2068,2,20.812020249589143
2068-03-31,2068,3,21.01073164002234
2068-04-30,2068,4,20.661406187600658
2068-05-31,2068,5,20.044752623925373
2068-06-30,2068,6,20.368270057763898
2068-07-31,2068,7,20.46221654885838
2068-08-31,2068,8,20.411394846085777
2068-09-30,2068,9,20.089645645721472
2068-10-31,2068,10,19.857005388549155
2068-11-30,2068,11,19.589636131289534
2068-12-31,2068,12,20.735323950839675
2069-01-31,2069,1,21.762758122479198
2069-02-28,2069,2,21.044377331057945
2069-03-31,2069,3,21.52995169724997
2069-04-30,2069,4,20.870821930858515
2069-05-31,2069,5,20.860028269332286
2069-06-30,2069,6,21.085234622357124
2069-07-31,2069,7,20.672771510232806
2069-08-31,2069,8,20.870597568836093
2069-09-30,2069,9,21.991303824041744
2069-10-31,2069,10,19.92603995077453
2069-11-30,2069,11,20.174820683232852
2069-12-31,2069,12,20.384567212623573
2070-01-31,2070,1,21.439668207537878
2070-02-28,2070,2,21.496785169950265
2070-03-31,2070,3,21.140841040640236
2070-04-30,2070,4,21.067541170991316
2070-05-31,2070,5,21.021820043423794
2070-06-30,2070,6,20.95797063804038
2070-07-31,2070,7,21.376457807992075
2070-08-31,2070,8,21.78927792797243
2070-09-30,2070,9,21.735997902496873
2070-10-31,2070,10,21.027569734070514
2070-11-30,2070,11,19.708105546822768
2070-12-31,2070,12,21.249188148089853
2071-01-31,2071,1,21.41573828454592
2071-02-28,2071,2,21.614759166352762
2071-03-31,2071,3,20.80674627163372
2071-04-30,2071,4,21.430399459198576
2071-05-31,2071,5,21.35576607784748
2071-06-30,2071,6,21.727130021637674
2071-07-31,2071,7,21.242205256470946
2071-08-31,2071,8,21.072982599440437
2071-09-30,2071,9,21.00311434257754
2071-10-31,2071,10,20.49061239316643
2071-11-30,2071,11,19.690532090651736
2071-12-31,2071,12,20.29898392793888
2072-01-31,2072,1,21.185464545427546
2072-02-29,2072,2,20.732901208998836
2072-03-31,2072,3,20.778289775283113
2072-04-30,2072,4,21.134303395448136
2072-05-31,2072,5,20.52581236372436
2072-06-30,2072,6,20.210878627453052
2072-07-31,2072,7,21.429453446757897
2072-08-31,2072,8,20.784864282323408
2072-09-30,2072,9,21.118172203075595
2072-10-31,2072,10,19.894704894760448
2072-11-30,2072,11,20.570273209145032
2072-12-31,2072,12,20.942571539049403
2073-01-31,2073,1,21.48828105692019
2073-02-28,2073,2,21.272537136475535
2073-03-31,2073,3,21.633350612169824
2073-04-30,2073,4,20.94592753386599
2073-05-31,2073,5,21.637124887626666
2073-06-30,2073,6,21.53835457440793
2073-07-31,2073,7,20.834502101287825
2073-08-31,2073,8,21.17236001759872
2073-09-30,2073,9,21.86534043915684
2073-10-31,2073,10,20.396804031119803
2073-11-30,2073,11,20.404660927205132
2073-12-31,2073,12,20.093456283354957
2074-01-31,2074,1,21.508982984935376
2074-02-28,2074,2,21.073583881719394
2074-03-31,2074,3,21.773603934041816
2074-04-30,2074,4,21.72556811519092
2074-05-31,2074,5,20.792113913583126
2074-06-30,2074,6,20.44806762755587
2074-07-31,2074,7,20.502593946946313
2074-08-31,2074,8,20.44198368204247
2074-09-30,2074,9,20.45960913788399
2074-10-31,2074,10,20.144740438307544
2074-11-30,2074,11,19.60462588616564
2074-12-31,2074,12,19.46243659900218
2075-01-31,2075,1,20.346444078741687
2075-02-28,2075,2,19.64457317251757
2075-03-31,2075,3,21.05280931417455
2075-04-30,2075,4,20.095858190961888
2075-05-31,2075,5,20.337296296952935
2075-06-30,2075,6,20.752260713656558
2075-07-31,2075,7,20.284261506290996
2075-08-31,2075,8,21.060348636811327
2075-09-30,2075,9,20.794903013218292
2075-10-31,2075,10,20.8904164021839
2075-11-30,2075,11,20.14860609560111
2075-12-31,2075,12,20.032531768897012
2076-01-31,2076,1,21.87960276879674
2076-02-29,2076,2,21.267614769550203
2076-03-31,2076,3,20.966834015804437
2076-04-30,2076,4,21.63158668383226
2076-05-31,2076,5,20.893554915257592
2076-06-30,2076,6,20.98409372531834
2076-07-31,2076,7,20.650014337922144
2076-08-31,2076,8,21.449774972742404
2076-09-30,2076,9,21.120219017778663
2076-10-31,2076,10,20.358917638817296
2076-11-30,2076,11,20.284247502988418
2076-12-31,2076,12,21.133289214810052
2077-01-31,2077,1,20.940945545858686
2077-02-28,2077,2,21.64700531919081
2077-03-31,2077,3,21.094279944866376
2077-04-30,2077,4,21.60390986773376
2077-05-31,2077,5,21.192888313995617
2077-06-30,2077,6,21.270137022615536
2077-07-31,2077,7,20.647284617901313
2077-08-31,2077,8,21.024372392966026
2077-09-30,2077,9,20.5336348154029
2077-10-31,2077,10,20.26049271866022
2077-11-30,2077,11,20.025553183888867
2077-12-31,2077,12,20.208659620967644
2078-01-31,2078,1,20.14873799872284
2078-02-28,2078,2,20.826942541284748
2078-03-31,2078,3,21.20198307514938
2078-04-30,2078,4,20.857831998608148
2078-05-31,2078,5,20.7879884274935
2078-06-30,2078,6,20.25719148457943
2078-07-31,2078,7,20.364215947533054
2078-08-31,2078,8,20.658686184894847
2078-09-30,2078,9,20.732318736059156
2078-10-31,2078,10,19.9294179804868
2078-11-30,2078,11,20.17104607132069
2078-12-31,2078,12,20.597791715096132
2079-01-31,2079,1,21.03857491463802
2079-02-28,2079,2,21.23905550387114
2079-03-31,2079,3,21.04619662225479
2079-04-30,2079,4,21.56345518642701
2079-05-31,2079,5,21.91269193352059
2079-06-30,2079,6,21.62188113190984
2079-07-31,2079,7,21.632303052456958
2079-08-31,2079,8,21.76400354510397
2079-09-30,2079,9,21.530210892196116
2079-10-31,2079,10,20.628884246172923
2079-11-30,2079,11,19.96730387830085
2079-12-31,2079,12,20.371459344276996
2080-01-31,2080,1,22.191042404853825
2080-02-29,2080,2,23.412854500224565
2080-03-31,2080,3,22.225500956242644
2080-04-30,2080,4,21.275146677914506
2080-05-31,2080,5,21.32655450643351
2080-06-30,2080,6,21.205263754924925
2080-07-31,2080,7,21.34937680412765
2080-08-31,2080,8,21.3370222009449
2080-09-30,2080,9,21.26957601618091
2080-10-31,2080,10,20.26245150893307
2080-11-30,2080,11,20.368269933450637
2080-12-31,2080,12,21.016414075101018
2081-01-31,2081,1,20.874014832185697
2081-02-28,2081,2,22.052122073293052
2081-03-31,2081,3,22.51020892345068
2081-04-30,2081,4,20.68178670787022
2081-05-31,2081,5,21.10008120722811
2081-06-30,2081,6,20.794108477521963
2081-07-31,2081,7,20.61797531475607
2081-08-31,2081,8,21.279937788215324
2081-09-30,2081,9,21.22471087326459
2081-10-31,2081,10,20.444338630310696
2081-11-30,2081,11,20.435879137300798
2081-12-31,2081,12,20.46027406165754
2082-01-31,2082,1,21.32991375991314
2082-02-28,2082,2,21.104942953803548
2082-03-31,2082,3,22.426661658706784
2082-04-30,2082,4,21.315795396742846
2082-05-31,2082,5,21.35299921061663
2082-06-30,2082,6,21.91192624856926
2082-07-31,2082,7,22.147065910366578
2082-08-31,2082,8,22.027255785257317
2082-09-30,2082,9,22.465579170395106
2082-10-31,2082,10,21.018090340218887
2082-11-30,2082,11,20.879121490483158
2082-12-31,2082,12,21.883134780395412
2083-01-31,2083,1,24.222511236973084
2083-02-28,2083,2,24.206104767074244
2083-03-31,2083,3,24.4029710274326
2083-04-30,2083,4,22.10867171245521
2083-05-31,2083,5,22.10416459297825
2083-06-30,2083,6,22.56579962827218
2083-07-31,2083,7,22.144574400145675
2083-08-31,2083,8,22.312094276774932
2083-09-30,2083,9,21.924943852814383
2083-10-31,2083,10,21.17447470540761
2083-11-30,2083,11,20.843559580035357
2083-12-31,2083,12,21.23320765257994
2084-01-31,2084,1,21.784945280120258
2084-02-29,2084,2,21.990134808531923
2084-03-31,2084,3,21.547545041372622
2084-04-30,2084,4,21.332156048643515
2084-05-31,2084,5,21.75544660763474
2084-06-30,2084,6,21.787760097297717
2084-07-31,2084,7,21.813586530415957
2084-08-31,2084,8,21.78488331416308
2084-09-30,2084,9,21.041226026681375
2084-10-31,2084,10,20.814264534546687
2084-11-30,2084,11,20.58010234782241
2084-12-31,2084,12,20.99593073371899
2085-01-31,2085,1,22.046659918799158
2085-02-28,2085,2,21.716432511159297
2085-03-31,2085,3,21.89719245632165
2085-04-30,2085,4,22.046229446424377
2085-05-31,2085,5,22.259377677899167
2085-06-30,2085,6,21.64314276946998
2085-07-31,2085,7,21.44233096871768
2085-08-31,2085,8,20.64912853868803
2085-09-30,2085,9,21.175146406697795
2085-10-31,2085,10,20.974708690880195
2085-11-30,2085,11,19.858662296211797
2085-12-31,2085,12,20.698461892749563
2086-01-31,2086,1,22.08314844675122
2086-02-28,2086,2,22.304364503400016
2086-03-31,2086,3,21.831840276845472
2086-04-30,2086,4,21.840618745100787
2086-05-31,2086,5,21.673644695652392
2086-06-30,2086,6,21.11270749485668
2086-07-31,2086,7,20.88475351175551
2086-08-31,2086,8,20.98879688649524
2086-09-30,2086,9,20.895898299028765
2086-10-31,2086,10,20.730977134163883
2086-11-30,2086,11,20.21856627118189
2086-12-31,2086,12,20.881431459101382
2087-01-31,2087,1,21.33443111319484
2087-02-28,2087,2,22.70745180663565
2087-03-31,2087,3,21.47065928243277
2087-04-30,2087,4,21.989272366995632
2087-05-31,2087,5,21.721084959355313
2087-06-30,2087,6,21.216390825438474
2087-07-31,2087,7,21.238065095612104
2087-08-31,2087,8,21.638198662689923
2087-09-30,2087,9,21.581142911775014
2087-10-31,2087,10,21.179678139986276
2087-11-30,2087,11,20.412199904273084
2087-12-31,2087,12,21.382923697079327
2088-01-31,2088,1,22.956754382340083
2088-02-29,2088,2,23.09552667413191
2088-03-31,2088,3,22.804956663965953
2088-04-30,2088,4,21.756139382474736
2088-05-31,2088,5,21.67367269104379
2088-06-30,2088,6,21.819219650161827
2088-07-31,2088,7,21.50261006321421
2088-08-31,2088,8,21.585169545027806
2088-09-30,2088,9,21.52990403775591
2088-10-31,2088,10,21.266675619289394
2088-11-30,2088,11,20.241896743612248
2088-12-31,2088,12,20.806818596584268
2089-01-31,2089,1,22.061083573625417
2089-02-28,2089,2,21.853976284974188
2089-03-31,2089,3,21.44546887422406
2089-04-30,2089,4,21.35832886589859
2089-05-31,2089,5,20.9082750414026
2089-06-30,2089,6,21.432413480565383
2089-07-31,2089,7,20.581733507931425
2089-08-31,2089,8,21.329722741614873
2089-09-30,2089,9,22.416098546752337
2089-10-31,2089,10,20.883068182669998
2089-11-30,2089,11,20.459442405713048
2089-12-31,2089,12,21.279389023883343
2090-01-31,2090,1,21.41514752635742
2090-02-28,2090,2,21.69027711574628
2090-03-31,2090,3,21.3490268070102
2090-04-30,2090,4,22.078952354628807
2090-05-31,2090,5,21.815543474291868
2090-06-30,2090,6,21.657390774530214
2090-07-31,2090,7,22.370973779904745
2090-08-31,2090,8,22.366510220628623
2090-09-30,2090,9,21.357659409890825
2090-10-31,2090,10,21.985243420263437
2090-11-30,2090,11,21.035780639314865
2090-12-31,2090,12,20.735044784548364
2091-01-31,2091,1,22.68583458080934
2091-02-28,2091,2,24.040664684578836
2091-03-31,2091,3,22.03322667422394
2091-04-30,2091,4,22.404013924419157
2091-05-31,2091,5,21.93011757433787
2091-06-30,2091,6,22.421464835923977
2091-07-31,2091,7,22.172171447968758
2091-08-31,2091,8,22.08955407082548
2091-09-30,2091,9,22.338695032106923
2091-10-31,2091,10,21.79541413248028
2091-11-30,2091,11,21.075192741944104
2091-12-31,2091,12,21.748361810062967
2092-01-31,2092,1,22.921792238044223
2092-02-29,2092,2,22.364805874504817
2092-03-31,2092,3,22.618426236535605
2092-04-30,2092,4,21.865152185244405
2092-05-31,2092,5,21.804453173419834
2092-06-30,2092,6,21.964205389752394
2092-07-31,2092,7,22.049150017035807
2092-08-31,2092,8,22.25337065292131
2092-09-30,2092,9,22.166239846912422
2092-10-31,2092,10,20.910722201989532
2092-11-30,2092,11,20.271795552982105
2092-12-31,2092,12,21.49825627115662
2093-01-31,2093,1,22.34656244886974
2093-02-28,2093,2,22.999015938582847
2093-03-31,2093,3,22.2045537865144
2093-04-30,2093,4,22.04235963252682
2093-05-31,2093,5,21.721171044416472
2093-06-30,2093,6,22.333703489245902
2093-07-31,2093,7,21.86662294868132
2093-08-31,2093,8,22.33722127712649
2093-09-30,2093,9,22.019440982045133
2093-10-31,2093,10,21.69722738940581
2093-11-30,2093,11,20.532383623990345
2093-12-31,2093,12,21.830187058455543
2094-01-31,2094,1,21.7641431508041
2094-02-28,2094,2,21.74096442163301
2094-03-31,2094,3,21.58300513590143
2094-04-30,2094,4,21.613951907317475
2094-05-31,2094,5,21.801380380850112
2094-06-30,2094,6,21.917937664930644
2094-07-31,2094,7,22.208216915150853
2094-08-31,2094,8,22.24708863030397
2094-09-30,2094,9,22.117298081954626
2094-10-31,2094,10,22.140474046702913
2094-11-30,2094,11,20.853366747220182
2094-12-31,2094,12,21.884644286053007
2095-01-31,2095,1,21.78377371829626
2095-02-28,2095,2,22.290672917865923
2095-03-31,2095,3,21.440439324434394
2095-04-30,2095,4,22.190011402581778
2095-05-31,2095,5,22.235789365907433
2095-06-30,2095,6,22.4006447433807
2095-07-31,2095,7,22.210247686012067
2095-08-31,2095,8,22.48838141586892
2095-09-30,2095,9,22.928573873329128
2095-10-31,2095,10,22.08192548904656
2095-11-30,2095,11,21.240102923787536
2095-12-31,2095,12,21.67332443860039
2096-01-31,2096,1,21.970844931877405
2096-02-29,2096,2,22.192004621593544
2096-03-31,2096,3,22.926759178539367
2096-04-30,2096,4,22.657104131659814
2096-05-31,2096,5,22.989171257325456
2096-06-30,2096,6,22.904265531314515
2096-07-31,2096,7,23.2650555779776
2096-08-31,2096,8,23.075259134790983
2096-09-30,2096,9,23.293132292522696
2096-10-31,2096,10,22.328182781565374
2096-11-30,2096,11,21.140844687726826
2096-12-31,2096,12,22.320765776415573
2097-01-31,2097,1,23.488113031360534
2097-02-28,2097,2,24.076250945092973
2097-03-31,2097,3,23.584568606441326
2097-04-30,2097,4,22.104323188689737
2097-05-31,2097,5,22.54548721874153
2097-06-30,2097,6,22.771034163431924
2097-07-31,2097,7,22.261117020578027
2097-08-31,2097,8,23.21861756886826
2097-09-30,2097,9,22.87492964353306
2097-10-31,2097,10,22.61631435853247
2097-11-30,2097,11,21.34376105694158
2097-12-31,2097,12,22.189395103416878
2098-01-31,2098,1,23.203670768813826
2098-02-28,2098,2,23.356384630122314
2098-03-31,2098,3,23.638305853138505
2098-04-30,2098,4,23.087264037776254
2098-05-31,2098,5,23.663632387317392
2098-06-30,2098,6,23.73339313398292
2098-07-31,2098,7,23.36398494833587
2098-08-31,2098,8,23.816024224931613
2098-09-30,2098,9,24.648474059561384
2098-10-31,2098,10,22.25404688361377
2098-11-30,2098,11,21.483246840836344
2098-12-31,2098,12,22.364121149790773
2099-01-31,2099,1,23.742107249461036
2099-02-28,2099,2,22.627286256493164
2099-03-31,2099,3,22.70142609897073
2099-04-30,2099,4,22.37317155457203
2099-05-31,2099,5,23.272821997549574
2099-06-30,2099,6,23.586607647490457
2099-07-31,2099,7,22.952838559800092
2099-08-31,2099,8,22.073943851780975
2099-09-30,2099,9,22.778956086562523
2099-10-31,2099,10,22.552276096457387
2099-11-30,2099,11,20.86323644719341
2099-12-31,2099,12,21.959061181358837
2100-01-31,2100,1,21.486845286284918
2100-02-28,2100,2,21.69153793553084
2100-03-31,2100,3,21.795343195766606
2100-04-30,2100,4,21.913526281468055
2100-05-31,2100,5,22.492191796224155
2100-06-30,2100,6,22.19925400285142
2100-07-31,2100,7,21.59772307973592
2100-08-31,2100,8,21.38694909927406
2100-09-30,2100,9,21.68893021573439
2100-10-31,2100,10,21.53696271298661
2100-11-30,2100,11,21.09239838763479
2100-12-31,2100,12,21.21330093879615
